name,heavy,light,fitness
>93_AM14_WT,VQLVESGGGVVQPGRSLRLSCAASGFSFSHYAMHWVRQAPGKGLEWVAVISYDGENTYYADSVKGRFSISRDNSKNTVSLQMNSLRPEDTALYYCARDRIVDDYYYYGMDVWGQGATVTVSS,DIQMTQSPSSLSASVGDRVTITCQASQDIKKYLNWYHQKPGKVPELLMHDASNLETGVPSRFSGRGSGTDFTLTISSLQPEDIGTYYCQQYDNLPPLTFGGGTKVEIK,373.75
>1_AM14_01_2_0044,VQLVESGGGVVQPGRSLRLSCVASGFSFSHYAMHWVRQAPGKGLEWVAVISYDGERTYYADSVKGRFSISRDNSKNTVYLQMNSLRPEDTALYYCARDRIVDDYYYYGMDVWGQGATVTVSS,DIQMTQSPSSLSASVGDRVTITCQASQDIGNYLNWYHQKPGKVPELLMHDASNLEPGVPSRFSGRGSGTDFTLTISSLQPEDIGTYYCQQYDRLPILTFGEGTKVEIK,78.80
>2_AM14_01_3.5_0005,VQLVESGGGVVQPGRSLRLSCVASGFSFSHYAMHWVRQAPGKGLEWVAVISHDGEYTYYADSVKGRFSISRDNSKNTVYLQMNSLRPEDTALYYCARDRIVDDLYYYGMDVWGQGATVTVSS,DIQMTQSPSSLSASVGDRVTITCQASQDIGTYLNWYHQKPGKVPELLMHDASNLEPGVPSRFSGRGSGTDFTLTISSLQPEDIGTYYCQQYDRLANLTFGEGTKVEIK,76.04
>3_AM14_01_6_0044,VQLVESGGGVVQPGRSLRLSCAASGFSFSHYAMHWVRQAPGKGLEWVAVISYDGEYTYYADSVKGRFSISRDNSKNTVYLQMNSLRPEDTALYYCARDRIVDDYYYYGMDVWGQGATVTVSS,DIQMTQSPSSLSASVGDRVTITCQASQDIKKYLNWYHQKPGKVPELLMHDASNLEPGVPSRFSGRGSGTDFTLTISSLQPEDIGTYYCQQYDRLPILTFGEGTKVEIK,204.50
>4_AM14_02_0.5_0003,VQLVESGGGVVQPGRSLRLSCAASGFSFSHYAMHWVRQAPGKGLEWVAVISYDGENTYYADSVKGRFSISRDNSKNTVYLQMNNLRPEDTALYYCARDRIVDDYYYYGMDVWGQGTTVTVSS,DIQMTQSPSSLSASVGDRVTITCQASQDIKKYLNWYHQKPGKVPELLMHDASNLETGVPSRFSGRGSGTDFTLTISSLQPEDIGIYYCQQYDNLPPLTFGQGTKVEIK,239.38
>5_AM14_03_1_0004,VQLVESGGGVVQPGRSLRLSCVASGFSFSHYAMHWVRQAPGKGLEWVAVISYDGEITYYHDSVKGRFSISRDNSKNTVYLQMNNLRPEDTALYYCARDRIVDDYYYYGMDVWGQGATVTVSS,DIQMTQSPESLSASVGDRVTITCRASQDIKNYLNWYHQKPGKVPELLMHDANNLEDGVPSRFSGRGSGTDFTLTISSLQPEDIGTYYCQQYTDSGNLTFGQGTKVEIK,218.91
>6_AM14_03_1.5_0005,VQLVESGGGVVQPGRSLRLSCVASGFSFSHYAMHWVRQAPGKGLEWVAVISYDGEITYYHSSVKGRFSISRDNSKNTVFLQMNSLRPEDTALYYCARDRIVDDTYYYGMDVWGQGATVTVSS,DIQMTQSPESLSASVGDRVTITCRASQDIKNYLNWYHQKPGKVPELLMHDANNLESGVPSRFSGRGSGTDFTLTISSLQPEDIGTYYCQQYTDLPNLTFGQGTKVEIK,128.68
>7_AM14_03_2_0025,VQLVESGGGVVQPGRSLRLSCVASGFSFSHYAMHWVRQAPGKGLEWVAVISYDGEITYYHDSVKGRFSISRDNSKNTVYLQMNSLRPEDTALYYCARDRIVDDYYYYGMDVWGQGATVTVSS,DIQMTQSPSSLSASVGDRVTITCRASQDIKNYLNWYHQKPGKVPELLMHDANNLEDGVPSRFSGRGSGTDFTLTISSLQPEDIGTYYCQQYYDLPNLTFGQGTKVEIK,77.00
>19_0.25_AM14_01_0010,VQLVESGGGVVQPGRSLRLSCQASGFSFSHYAMHWVRQPPGKGLEWVAVISYDGEKTYYADSVKGRFSISRDNSKNTVHLQMNNLRPEDTALYYCARDRIVDDYYYYGMDVWGQGATVIVSS,DIQMTQSPESLSASVGDRVTITCQASQDIKNWLNWYHQKPGKVPELLMDKGHVLHPGVPSRFSGRGSGTDFTLTISSLQPEDIGTYYCQQYDNLPPLTFGEGTKVEIK,300.16
>20_0.25_AM14_01_0031,VQLVESGGGVVQPGRSLRLSCVASGFSFSHYAMHWVRQPPGKGLEWVAVISYDGEKTYYADSVKGRFSISRDNSKNTVHLQMNNLRPEDTALYYCARDRIVDDYYYYGMDVWGQGATVIVSS,DIQMTQSPESLSASVGDRVTITCRASRSLVNSNGNTYLYWYHQKPGKVPELLMHDGTNLHDGVPSRFQGRGSGTDFTLTISSLQPEDIGIYYCQQFDNLPPISFGEGTKVEIK,222.00
>21_0.25_AM14_01_0070,VQLVESGGGVVQPGRSLRLSCVASGFSFSHYAMHWVRQPPGKGLEWVAVISYDGEYTYYADSVKGRFSISRDNSKNTVHLQMNNLRPEDTALYYCARDRIVDDYYYYGMDVWGQGAIVIVSS,DIQMTQSPESLSASVGDRVTITCRASESVDYNGRSFIHWYHQKPGKVPELLMHDASNLEPGVPSRFQGRGSGTDFTLTISSLQPEDIGTYYCQQYDKLPPLTFGEGTKVEIK,240.31
>22_0.25_AM14_01_0084,VQLVESGGGVVQPGRSLRLSCVASGFSFSHYAMHWVRQPPGKGLEWVAVISYDGERTHYADSVKGRFSISRDNSKNTVHLQMNNLRPEDTALYYCARDRIVDDYYYYGMDVWGQGATVIVSS,DIQMTQSPESLSASVGDRVTITCQASQDIKTWLNWYHQKPGKVPELLMYDSNKLDSNVPSRFSGRGSGTDFTLTISSLQPEDIGTYYCQQYDKLPPLTFGEGTKVEIK,356.80
>23_0.5_AM14_01_0031,VQLVESGGGVVQPGRSLRLSCVASGFSFSHYAMHWVRQPPGKGLEWVAVISYDGEYTYYADSVKGRFSISRDNSKNTVHLQMNNLRPEDTALYYCARDRIVDDYYYYGMDVWGQGATVIVSS,DIQMTQSPESLSASVGDRVTITCRASQSLVNSNGNTYLYWYHQKPGKVPELLMHDGTNLEEGVPSRFSGRGSGTDFTLTISSLQPEDIGTYYCMQFDNLPPLSFGEGTKVEIK,255.30
>24_0.5_AM14_01_0032,VQLVESGGGVVQPGRSLRLSCVASGFSFSHYAMHWVRQPPGKGLEWVAVISYDGKYTYYADSVKGRFSISRDNSKNTVHLQMNNLRPEDTALYYCARDRIVDDYYYYGMDVWGQGATVIVSS,DIQMTQSPESLSASVGDRVTITCKSSQSLLNSNTQKNYLAWYHQKPGKVPELLMHDGTNLEPGVPSRFQGRGSGTDFTLTISSLQPEDIGTYYCQQYDKLPPLTFGEGTKVEIK,352.64
>25_0.5_AM14_01_0070,VQLVESGGGVVQPGRSLRLSCVASGFSFSHYAMHWVRQPPGKGLEWVAVISYDGEKTYYADSVKGRFSISRDNSKNTVHLQMNNLRPEDTALYYCARDRIVDDYYYYGMDVWGQGAIVIVSS,DIQMTQSPESLSASVGDRVTITCRASESVDYNGRSFIHWYHQKPGKVPELLMHDGSNLEPGVPSRFSGRGSGTDFTLTISSLQPEDIGTYYCQQYDKLPPLTFGEGTKVEIK,289.98
>26_0_AM14_01_0031,VQLVESGGGVVQPGRSLRLSCVASGFAFSHYAMHWVRQPPGKGLEWVAVISYDGEKTYYADSVKGRFSITRDNSKNTVHLQMNNLRPEDTALYYCARDRIVDDYYYYGMDVWGQGATVIVSS,DIQMTQHPESLSASVGDRVTITCRASRSLVNSNGNTYLYWYHQKPGKVPELLMHDGTNLHPGVPERFQGRGSGTDFTLTISSLQPEDIGIYYCMQFDNLPPLSFGEGTKVEIK,194.42
>27_0_AM14_01_0032,VQLVESGGGVVQPGRSLRLSCVASGFAFSHYAMHWVRQPPGKGLEWVAVISYDGEKTYYADSVKGRFSITRDNSKNTVHLQMNNLRPEDTALYYCARDRIVDDYYYYGMDVWGQGATVIVSS,DIQMTQSPESLSASVGDRVTITCRSSQSLLNSNTQKNYLAWYHQKPGKVPELLMHDGTNLEPGVPERFQGRGSGTDFTLTISSLQPEDIGIYYCQQYDKLPPLTFGEGTKVEIK,311.95
>28_0_AM14_01_0070,VQLVESGGGVVQPGRSLRLSCVASGFAFSHYAMHWVRQPPGKGLEWVAVISYDGEKTYYADSVKGRFSISRDNSKNTVHLQMNNLRPEDTALYYCARDRIVDDYYYYGMDVWGQGAIVIVSS,DIQMTQSPESLSASVGDRVTITCRASDSVDYNGRSFIHWYHQKPGKVPELLMHDASSLEPGVPERFQGRGSGTDFTLTISSLQPEDIGIYYCQQYDKLPPLSFGEGTKVEIK,167.27
>29_0_AM14_01_0084_,VQLVESGGGVVQPGRSLRLSCVASGFSFSHYAMHWVRQPPGKGLEWVAVISYDGERTHYADSVKGRFSISRDNSKNTVHLQMNNLRPEDTALYYCARDRIVDDYYYYGMDVWGQGATVIVSS,DIQMTQSPESLSASVGDRVTITCQASQDIKTFLNWYHQKPGKVPELLMYDSNKLSSNVPSRFQGRGSGTDFTLTISSLQPEDIGTYYCQQYDKLPPLTFGEGTKVEIK,277.91
>30_1.5_AM14_01_0010,VQLVESGGGVVQPGRSLRLSCQASGFSFSHYAMHWVRQPPGKGLEWVAVISYDGEKTYYADSVKGRFSISRDNSKNTVHLQMNNLRPEDTALYYCARDRIVDDYYYYGMDVWGQGATVTVSS,DIQMTQSPESLSASVGDRVTITCQASQDIKKYLNWYHQKPGKVPELLMDKGHVVHPGVPSRFSGRGSGTDFTLTISSLQPEDIGTYYCQQYDNLPPLTFGEGTKVEIK,309.98
>31_1.5_AM14_01_0070,VQLVESGGGVVQPGRSLRLSCVASGFSFSHYAMHWVRQPPGKGLEWVAVISYDGEYTYYADSVKGRFSISRDNSKNTVHLQMNSLRPEDTALYYCARDRIVDDYYYYGMDVWGQGATVIVSS,DIQMTQSPSSLSASVGDRVTITCRASESVDYDGRSFIHWYHQKPGKVPELLMHDTSNLEPGVPSRFSGRGSGTDFTLTISSLQPEDIGTYYCQQYDRLPPLTFGEGTKVEIK,356.33
>32_1.5_AM14_01_0084,VQLVESGGGVVQPGRSLRLSCVASGFSFSHYAMHWVRQPPGKGLEWVAVISYDGENTYYADSVKGRFSISRDNSKNTVHLQMNSLRPEDTALYYCARDRIVDDYYYYGMDVWGQGATVTVSS,DIQMTQSPESLSASVGDRVTITCQASQDIKKYLNWYHQKPGKVPELLMYDANKLDSNVPSRFSGRGSGTDFTLTISSLQPEDIGTYYCQQYDKLPPLTFGEGTKVEIK,303.29
>33_1_AM14_01_0032,VQLVESGGGVVQPGRSLRLSCKASGFSFSHYAMHWVRQPPGKGLEWVAVISYDGEETYYADSVKGRFSISRDNSKNTVHLQMNNLRPEDTALYYCARDRIVDDYYYYGMDVWGQGATVIVSS,DIQMTQSPESLSASVGDRVTITCKSSQSLLNSNTQKNYLAWYHQKPGKVPELLMHDATNLEPGVPSRFSGRGSGTDFTLTISSLQPEDIGTYYCQQYDKLPPLTFGEGTKVEIK,359.89
>34_1_AM14_01_0084,VQLVESGGGVVQPGRSLRLSCVASGFSFSHYAMHWVRQPPGKGLEWVAVISYDGEITYYADSVKGRFSISRDNSKNTVHLQMNNLRPEDTALYYCARDRIVDDYYYYGMDVWGQGATVTVSS,DIQMTQSPESLSASVGDRVTITCQASQDIKNYLNWYHQKPGKVPELLMYDSNKLDSNVPSRFSGRGSGTDFTLTISSLQPEDIGTYYCQQYDKLPPLTFGEGTKVEIK,341.14
>35_2.5_AM14_01_0010,VQLVESGGGVVQPGRSLRLSCQASGFSFSHYAMHWVRQPPGKGLEWVAVISYDGEITYYADSVKGRFSISRDNSKNTVSLQMNSLRPEDTALYYCARDRIVDDYYYYGMDVWGQGATVTVSS,DIQMTQSPSSLSASVGDRVTITCQASQDIKKYLNWYHQKPGKVPELLMDKGHVVHPGVPSRFSGRGSGTDFTLTISSLQPEDIGTYYCQQYDNLPPLTFGEGTKVEIK,271.12
>36_2_AM14_01_0032,VQLVESGGGVVQPGRSLRLSCAASGFSFSHYAMHWVRQPPGKGLEWVAVISYDGEETYYADSVKGRFSISRDNSKNTVHLQMNNLRPEDTALYYCARDRIVDDYYYYGMDVWGQGATVTVSS,DIQMTQSPSSLSASVGDRVTITCKSSQSLLNSNTQKNYLAWYHQKPGKVPELLMHDASNLEPGVPSRFSGRGSGTDFTLTISSLQPEDIGTYYCQQYDKLPPLTFGEGTKVEIK,358.79
>37_3.5_AM14_01_0010,VQLVESGGGVVQPGRSLRLSCAASGFSFSHYAMHWVRQPPGKGLEWVAVISYDGENTYYADSVKGRFSISRDNSKNTVSLQMNSLRPEDTALYYCARDRIVDDYYYYGMDVWGQGATVTVSS,DIQMTQSPSSLSASVGDRVTITCQASQDIKKYLNWYHQKPGKVPELLMDKGHVVHPGVPSRFSGRGSGTDFTLTISSLQPEDIGTYYCQQYDNLPPLTFGEGTKVEIK,270.03
>38_3.5_AM14_01_0031,VQLVESGGGVVQPGRSLRLSCAASGFSFSHYAMHWVRQPPGKGLEWVAVISYDGENTYYADSVKGRFSISRDNSKNTVSLQMNSLRPEDTALYYCARDRIVDDYYYYGMDVWGQGATVTVSS,DIQMTQSPSSLSASVGDRVTITCRASQSLVNSNGNTYLYWYHQKPGKVPELLMHDASNLETGVPSRFSGRGSGTDFTLTISSLQPEDIGTYYCQQYDNLPPLTFGGGTKVEIK,249.31
>39_3_AM14_01_0010,VQLVESGGGVVQPGRSLRLSCAASGFSFSHYAMHWVRQPPGKGLEWVAVISYDGEITYYADSVKGRFSISRDNSKNTVSLQMNSLRPEDTALYYCARDRIVDDYYYYGMDVWGQGATVTVSS,DIQMTQSPSSLSASVGDRVTITCQASQDIKKYLNWYHQKPGKVPELLMDKGHVVHPGVPSRFSGRGSGTDFTLTISSLQPEDIGTYYCQQYDNLPPLTFGEGTKVEIK,284.68
>59_AM14_0_5,VQLVEDGGGIVQPGRSLRLSCYARGFDFHHYAMHWVRQPPGDGLEWVAVISYDGEQTYYADSVKGRFSISRDNSKNTVYLQMNSLQPEDTALYYCARDRIVDDVYYYGMDVWGQGAMVIVDS,DVQLIQSPESLSARVGDKVTIYCQSSRDIHNYLNWYHQKPGRVPELLMHDAWNLEPGVPERFQGRGSGTDFTLTISHLQPEDTGIYYCQAYHNYGNLSFGQGTYVEIS,209.46
>60_AM14_0_5_frame,VQLHTSGGGVVPPGRSLRLVCYASGFSFSHYAMHWVRQPPGDGLEWVAVISYDGENTYYHPSVHGRFSISRDNSKNVVYLQMNSLQPEDTALYYCARDRIVDDYYYYGMDVWGQGAMVIVSS,DIQLYQSPESLWARVGDRVTIYCQASQDIKKYLNWYHQKPGRVPELLMHDASNLETGVPERFQGRGSGTDFTLTIESLQPEDQGIYYCQQYDNLPPLTFGQGTQVRIK,243.93
>61_AM14_1_0_frame,VQLVTSGGGVVQPGRSLRLVCYASGFSFSHYAMHWVRQPPGDGLEWVAVISYDGENTYYHPSVKGRFSISRDNSKNTVYLQMNSLQPEDTALYYCARDRIVDDYYYYGMDVWGQGAMVIVSS,DIQLYQSPESLSARVGDRVTIHCQASQDIKKYLNWYHQKPGKVPELLMHDASNLETGVPSRFQGRGSGTDFTLTIESLQPEDQGIYYCQQYDNLPPLTFGQGTYVQIK,158.76
>62_AM14_1_5_frame,VQLVTSGGGVVQPGRSLRLVCYASGFSFSHYAMHWVRQPPGKGLEWVAVISYDGENTYYHDSVKGRFSISRDNSKNTVYLQMNSLQPEDTALYYCARDRIVDDYYYYGMDVWGQGAMVIVSS,DIQLYQSPSSLSARVGDRVTITCQASQDIKKYLNWYHQKPGKVPELLMHDASNLETGVPSRFQGRGSGTDFTLTISSLQPEDQGTYYCQQYDNLPPLTFGQGTKVVIK,302.58
>63_AM14_2_0_frame,VQLVESGGGVVQPGRSLRLSCYASGFSFSHYAMHWVRQPPGKGLEWVAVISYDGENTYYADSVKGRFSISRDNSKNTVELQMNSLRPEDTALYYCARDRIVDDYYYYGMDVWGQGAWVIVSS,DIQLYQSPSSLSASVGDRVTITCQASQDIKKYLNWYHQKPGKVPELLMHDASNLETGVPSRFQGRGSGTDFTLTISSLQPEDQGTYYCQQYDNLPPLTFGQGTKVVIK,347.97