name,heavy,light,Kd,pdb_file,average_perplexity
>96_RSB1_WT,QVQLVQSGAEVKKPGSSVKVSCKTSGGTYGTYSINWVRQAPGQGLEWMGAIIPIFGKTNYAQKFQGRVTITADASTSTAYMELGSLTSEDTAMYYCARVEDTALDHYFDYWGQGALVTVSS,QSALTQPRSVSGSPGQSVTISCTGTSGDVGTYNYVSWYQQLPGKAPKLMIYDVTRRPSGVPDRFSGSKSGNTASLTISGLQADDEADYYCCSYAGTLTWVFGGGTKLTVL,1.13e-10,0,-619.0581398536434
>16_RSB1_02_1.5_0021,QVQLVQSGAEVKKPGSSVKVSCKTSAGNYSTYSINWVRQAPGQGLEWMGAIIPIFGKTRYHQKFQGRVTITADSSTNTAYMELTSLTSEDTAMYYCARVEDTALDHYFDYWGQGALVTVSS,QSMLTQPRSVSGSPGQSVTISCQGTSSIVGTYDYVSWYQQLPGKAPKLMIYDVTRRPKGVPDRFSGSKSGNTASLTISGLQKDDEADYYCCSYTGTLTWVFGTGTKLTVL,3e-08,1,-557.6474328174969
>17_RSB1_02_2_0004,QVQLVQSGAEVKKPGSSVKVSCKTSGGTYGTYSINWVRQAPGQGLEWMGAIIPIFGKTNYAQKFQGRVTITADSSTNTAYMELTSLTSEDTAMYYCARVEDTALDHYFDYWGQGALVTVSS,QSPLTQPRSVSGSPGQSVTISCTGTSGDVGTYNYVSWYQQLPGKAPKLMIYDVTRRPSGVPDRFSGSKSGNTASLTISGLQEDDEADYYCCSYAGTLTWVFGTGTKLTVL,8.59e-11,2,-583.9739785953517
>18_RSB1_03_2.5_0009,QVQLVQSGAEVKKPGSSVKVSCKTSSGSYSTYSINWVRQAPGQGLEWMGAIIPIFGKTNYHQKFQGRVTITADSSTNTAYMELTSLTSEDTAMYYCARVEDQALDHYFDYWGQGALVTVSS,QSALTQPRSVSGSPGQSVTISCQGTSSDTGTYDYVSWYQQLPGKAPKLMIYDVTRRPSGVPDRFSGSKSGNTASLTISGLQKDDEADYYCCVYTGTLTWIFGGGTKLTVL,4.49e-10,3,-541.157769347394
>51_0.5_RSB1_03_0005,QVQLVQSGPEVKKPGSSVKVSCKTSSGTYSTYSINWVRQAPGQGLEWMGAIIPIFGITRYHQKFQGRVTITADSSTNTAYMELTNLTSEDTAMYYCARVEDTALDHYFDYWGQGALVIVSS,QSSLTQPRSVSGSPGQVVTISCTGTSSQMGTFNYVAWYQQLPGKPPKLMIYGGSTRDSGVPDRFSGSKSGNTAVLTISGLQKDDEADYYCCAYVGTLTWVFGDGTKLTVL,4.7e-09,4,-552.6238614292436
>53_0_RSB1_03_0005,QVQLVQSGPEVRKPGSSVKVSCKTSSGTYSTYSINWVRQAPGQGLEWMGAIIPIFGITRYHQKFQGRVTITADSSTNTAYMELTNLTSEDTAMYYCARVEDTALDHYFDYWGQGALVIVSS,QSSLTQPRSVSGYPGQVVTISCTGTSSQMGTFNYVAWYQQLPGKPPKLMIYGASTRDSGVPDRFSGSKSGNTAVLTISGLQKDDEADYYCCAYVGTLTWVFGDGTKLTVL,1.52e-09,5,-573.798058798338
>55_1.5_RSB1_03_0005,QVQLVQSGPEVKKPGSSVKVSCKTSSGTYGTYSINWVRQAPGQGLEWMGAIIPIFGKTNYHQKFQGRVTITADTSTNTAYMELTSLTSEDTAMYYCARVEDTALDHYFDYWGQGALVTVSS,QSSLTQPRSVSGSPGQVVTISCTGTSSQMGTYNYVSWYQQLPGKPPKLMIYGASTRDSGVPDRFSGSKSGNTASLTISGLQKDDEADYYCCSYAGTLTWVFGDGTKLTVL,1.4e-09,6,-564.4848422005211
>56_1_RSB1_03_0005,QVQLVQSGPEVKKPGSSVKVSCKTSSGTYGTYSINWVRQAPGQGLEWMGAIIPIFGKTRYHQKFQGRVTITADTSTNTAYMELTNLTSEDTAMYYCARVEDTALDHYFDYWGQGALVTVSS,QSSLTQPRSVSGSPGQVVTISCTGTSSQMGTFNYVSWYQQLPGKPPKLMIYGASTRDSGVPDRFSGSKSGNTAVLTISGLQKDDEADYYCCAYAGTLTWVFGDGTKLTVL,8.03e-10,7,-574.3106476780622
>57_1_RSB1_03_0005,QVQLVQSGPEVKKPGSSVKVSCKTSSGTYGTYSINWVRQAPGQGLEWMGAIIPIFGKTRYHQKFQGRVTITADTSTNTAYMELTNLTSEDTAMYYCARVEDTALDHYFDYWGQGALVTVSS,QSSLTQPRSVSGSPGQVVTISCTGTSSQMGTFNYVSWYQQLPGKPPKLMIYGASTRDSGVPDRFSGSKSGNTAVLTISGLQKDDEADYYCCAYAGTLTWVFGEGTKLTVL,2.84e-10,8,-562.7444331543724
>64_RSB1_1_5,DVSLQQSDSTVRKPGSSVILSCKLDHGKYTTYSINWVRQGMGQGLEWMGAIIPIFGITRYHQKFDGRVTITADDSTNTAYMELTNLTSEDTAVYYCAVVEDEALDHYFDYWGQGTLVIVSS,QSSLQQPESVSGKPGQTVTISCTGDSEQIGTYNYVSWYQQYPGKAPKLLIYDVTRRPPGVPERFSGDHSGGTMSLTIRGLQKDDEAIYYCCAYTGTLLWVFGEGTKLTVL,3.77e-10,9,-533.281896196765
>65_RSB1_3_0,DVSLTQSDSDVRKPGSSVKLSCKTDHGKYGTYSINWVRQGMGQGLEWMGAIIPIFGKTNYHQKFQGRVTITADDSTNTAYMELTNLTSEDTAVYYCAVVEDTALDHYFDYWGQGTLVIVSS,QSSLQMPESVSGYPGQIVTISCTGDSDQLGTYNYVSWYQQLPGKAPKLLIYDVTRRPPGVPDRFSGDFSGHTMVLTISNLQKDDEAIYYCCSYTGTLTWVFGEGTKLTVL,1.58e-10,10,-517.9086093980565
>66_RSB1_3_5,DVSLTQSDSDVRKPGSSVKLSCKTSDGTYGTYSINWVRQGTGQGLEWMGAIIPIFGKTNYHQKFQGRVTITADDSTRTAYMELTSLTSEDTAVYYCAVVQDTALDHYFDYWGQGTLVIVSS,QSSLTMPESVSGYPGQSVTISCTGDSSQLGTYNYVSWYQQLPGKAPKLLIYDVTRRPPGVPDRFSGDFSGNTMVLTISGLQKDDEAIYYCCSYTGTLTWVFGEGTKLTVL,7.01e-10,11,-524.8878077503149
>67_RSB1_4_5,QVQLQQSDSDVKKPGSSVKLSCKTSSGKYTTYSINWVRQGPGQGLEWMGAIIPIFGKTNYAQKFQGRVTITADDSTNTAYMILTNLTSEDTAVYYCARVEDTALDHYFDYWGQGTLVTVSS,QSALTQPRSVSGSPGQSVTISCTGDSEDLGTYNYVSWYQQLPGKAPKLLIYDVTRRPPGVPDRFSGSHSGNTASLTISGLQKDDEAIYYCCSYVGTLTWVFGSGTKLTVL,1.01e-10,12,-503.06265201122216
>68_RSB1_0_5_3_frame,DVSLTQSDSDVKKPGGSVIISCSLHGGTYGTYSINWVRQGMGQGLEWMGAIIPIFGKTRYHKKFHGRVIITADDSNNTAYLHLTNLTEEDTAVYYCARVEDTALDHYFDYWGEGTLIIVSS,QSSLTQPESVSGKPGQTVTISCTGTSGDVGTYNYVSWYQQYPGHAPQLLIYDVTRRPSGVPSRFSGDHSGNIMSLTITNLQKDDEAIYYCCSYAGTLTWVFGNGTKLTVL,1.83e-10,13,-667.0425009398898
>69_RSB1_0_5_frame,DVSLTQSDSDVRKPGGSVIISCQLNGGTYGTYSINWVRQGTGQGLEWMGAIIPIFGKTRYHKKFRGRVTITADDSKNTAYIHLTNLTSEDTAHYYCAVVEDTALDHYFDYWGQGTLVIVSS,QSSLWQPRSVSGKPGQTVTITCTGTSGDVGTYNYVSWYRQYPGRAPQLLIYDVTRRPSGVPERFTGDHSGNTMVLIIRGLQETDEAIYYCCSYAGTLTWVFGNGTKLTVL,2.65e-10,14,-615.4180743608782
>70_RSB1_1_0_frame,DVSLTQSDSDVRKPGGSVIISCQLNGGTYGTYSINWVRQGMGQGLEWMGAIIPIFGKTRYHQKFQGRVTITADDSKNTAYIHLTNLTSEDTAVYYCAVVEDTALDHYFDYWGQGTLVIVSS,QSSLTQPRSVSGFPGQTVTITCTGTSGDVGTYNYVSWYYQLPGHAPKLLIYDVTRRPSGVPERFTGDHSGNTMVLIIRGLQETDEAIYYCCSYAGTLTWVFGNGTKLTVL,1.92e-10,15,-607.4506404519012
>71_RSB1_2_5_frame,DVSLTQSDSDVRKPGSSVKLSCKTDGGTYGTYSINWVRQGMGQGLEWMGAIIPIFGKTNYHQKFQGRVTITADDSTNTAYMELTNLTSEDTAVYYCAVVEDTALDHYFDYWGQGTLVIVSS,QSSLQMPESVSGYPGQTVTISCTGTSGDVGTYNYVSWYQQLPGKAPKLLIYDVTRRPSGVPERFSGDHSGGTMVLTIEGLQEDDEAIYYCCSYAGTLTWVFGEGTKLTVL,1.51e-10,16,-634.714170898311
>72_RSB1_3_5_frame,DVSLQQSDSDVKKPGSSVILSCKLSGGTYGTYSINWVRQGPGQGLEWMGAIIPIFGKTNYHQKFQGRVTITADDSTNTAYLILTNLTSEDTAVYYCAVVEDTALDHYFDYWGQGTLVTVSS,QSSLTQPRSVSGSPGQSVTISCTGTSGDVGTYNYVSWYQQLPGKAPKLLIYDVTRRPSGVPDRFSGDFSGNTMVLTINGLQKDDEAIYYCCSYAGTLTWVFGEGTKLTVL,1.24e-10,17,-609.9826626153558
>92_RSB1_03_0005_2_0,DVSLTQSDSCVRKPGGSVVISCKLNDGHYTTYSINWVRQGMGQGLEWMGAIIPIFGKTRYHQKFDGRVTITADSSKNTAYMYLTNLTSEDTAVYYCAIVEDQALDHYFDYWGQGTLVIVSS,QSSLQQPESVSGKPGQTVTISCRGTSNTIGTYNYVSWYQQYPGRAPQLLIYNVSIRDRGVPERFSGSCSGNTASLTIRGLQKDDEAIYYCCVYTGDLLWVFGEGTKLTVL,6.38e-11,18,-614.494262902579
