name,heavy,light,fitness,heavy_perplexity,light_perplexity,average_perplexity
>93_AM14_WT,VQLVESGGGVVQPGRSLRLSCAASGFSFSHYAMHWVRQAPGKGLEWVAVISYDGENTYYADSVKGRFSISRDNSKNTVSLQMNSLRPEDTALYYCARDRIVDDYYYYGMDVWGQGATVTVSS,DIQMTQSPSSLSASVGDRVTITCQASQDIKKYLNWYHQKPGKVPELLMHDASNLETGVPSRFSGRGSGTDFTLTISSLQPEDIGTYYCQQYDNLPPLTFGGGTKVEIK,373.75,2.7871543124131057,4.000482392720251,3.3938183525666785
>1_AM14_01_2_0044,VQLVESGGGVVQPGRSLRLSCVASGFSFSHYAMHWVRQAPGKGLEWVAVISYDGERTYYADSVKGRFSISRDNSKNTVYLQMNSLRPEDTALYYCARDRIVDDYYYYGMDVWGQGATVTVSS,DIQMTQSPSSLSASVGDRVTITCQASQDIGNYLNWYHQKPGKVPELLMHDASNLEPGVPSRFSGRGSGTDFTLTISSLQPEDIGTYYCQQYDRLPILTFGEGTKVEIK,78.8,2.7955268938885878,3.993097999616127,3.394312446752357
>2_AM14_01_3.5_0005,VQLVESGGGVVQPGRSLRLSCVASGFSFSHYAMHWVRQAPGKGLEWVAVISHDGEYTYYADSVKGRFSISRDNSKNTVYLQMNSLRPEDTALYYCARDRIVDDLYYYGMDVWGQGATVTVSS,DIQMTQSPSSLSASVGDRVTITCQASQDIGTYLNWYHQKPGKVPELLMHDASNLEPGVPSRFSGRGSGTDFTLTISSLQPEDIGTYYCQQYDRLANLTFGEGTKVEIK,76.04,2.9227070584850336,4.086755387315901,3.5047312229004675
>3_AM14_01_6_0044,VQLVESGGGVVQPGRSLRLSCAASGFSFSHYAMHWVRQAPGKGLEWVAVISYDGEYTYYADSVKGRFSISRDNSKNTVYLQMNSLRPEDTALYYCARDRIVDDYYYYGMDVWGQGATVTVSS,DIQMTQSPSSLSASVGDRVTITCQASQDIKKYLNWYHQKPGKVPELLMHDASNLEPGVPSRFSGRGSGTDFTLTISSLQPEDIGTYYCQQYDRLPILTFGEGTKVEIK,204.5,2.7588358342466264,4.022441606589354,3.39063872041799
>4_AM14_02_0.5_0003,VQLVESGGGVVQPGRSLRLSCAASGFSFSHYAMHWVRQAPGKGLEWVAVISYDGENTYYADSVKGRFSISRDNSKNTVYLQMNNLRPEDTALYYCARDRIVDDYYYYGMDVWGQGTTVTVSS,DIQMTQSPSSLSASVGDRVTITCQASQDIKKYLNWYHQKPGKVPELLMHDASNLETGVPSRFSGRGSGTDFTLTISSLQPEDIGIYYCQQYDNLPPLTFGQGTKVEIK,239.38,2.734632856839829,4.080457824141982,3.4075453404909055
>5_AM14_03_1_0004,VQLVESGGGVVQPGRSLRLSCVASGFSFSHYAMHWVRQAPGKGLEWVAVISYDGEITYYHDSVKGRFSISRDNSKNTVYLQMNNLRPEDTALYYCARDRIVDDYYYYGMDVWGQGATVTVSS,DIQMTQSPESLSASVGDRVTITCRASQDIKNYLNWYHQKPGKVPELLMHDANNLEDGVPSRFSGRGSGTDFTLTISSLQPEDIGTYYCQQYTDSGNLTFGQGTKVEIK,218.91,3.128718067309104,4.079161838654055,3.6039399529815794
>6_AM14_03_1.5_0005,VQLVESGGGVVQPGRSLRLSCVASGFSFSHYAMHWVRQAPGKGLEWVAVISYDGEITYYHSSVKGRFSISRDNSKNTVFLQMNSLRPEDTALYYCARDRIVDDTYYYGMDVWGQGATVTVSS,DIQMTQSPESLSASVGDRVTITCRASQDIKNYLNWYHQKPGKVPELLMHDANNLESGVPSRFSGRGSGTDFTLTISSLQPEDIGTYYCQQYTDLPNLTFGQGTKVEIK,128.68,3.2488348111281384,3.919023796050926,3.5839293035895325
>7_AM14_03_2_0025,VQLVESGGGVVQPGRSLRLSCVASGFSFSHYAMHWVRQAPGKGLEWVAVISYDGEITYYHDSVKGRFSISRDNSKNTVYLQMNSLRPEDTALYYCARDRIVDDYYYYGMDVWGQGATVTVSS,DIQMTQSPSSLSASVGDRVTITCRASQDIKNYLNWYHQKPGKVPELLMHDANNLEDGVPSRFSGRGSGTDFTLTISSLQPEDIGTYYCQQYYDLPNLTFGQGTKVEIK,77.0,3.0626833740899766,3.9581357094006773,3.510409541745327
>19_0.25_AM14_01_0010,VQLVESGGGVVQPGRSLRLSCQASGFSFSHYAMHWVRQPPGKGLEWVAVISYDGEKTYYADSVKGRFSISRDNSKNTVHLQMNNLRPEDTALYYCARDRIVDDYYYYGMDVWGQGATVIVSS,DIQMTQSPESLSASVGDRVTITCQASQDIKNWLNWYHQKPGKVPELLMDKGHVLHPGVPSRFSGRGSGTDFTLTISSLQPEDIGTYYCQQYDNLPPLTFGEGTKVEIK,300.16,3.0798051027432627,4.328916363266442,3.7043607330048527
>20_0.25_AM14_01_0031,VQLVESGGGVVQPGRSLRLSCVASGFSFSHYAMHWVRQPPGKGLEWVAVISYDGEKTYYADSVKGRFSISRDNSKNTVHLQMNNLRPEDTALYYCARDRIVDDYYYYGMDVWGQGATVIVSS,DIQMTQSPESLSASVGDRVTITCRASRSLVNSNGNTYLYWYHQKPGKVPELLMHDGTNLHDGVPSRFQGRGSGTDFTLTISSLQPEDIGIYYCQQFDNLPPISFGEGTKVEIK,222.0,3.069328876623955,4.870872009879259,3.9701004432516065
>21_0.25_AM14_01_0070,VQLVESGGGVVQPGRSLRLSCVASGFSFSHYAMHWVRQPPGKGLEWVAVISYDGEYTYYADSVKGRFSISRDNSKNTVHLQMNNLRPEDTALYYCARDRIVDDYYYYGMDVWGQGAIVIVSS,DIQMTQSPESLSASVGDRVTITCRASESVDYNGRSFIHWYHQKPGKVPELLMHDASNLEPGVPSRFQGRGSGTDFTLTISSLQPEDIGTYYCQQYDKLPPLTFGEGTKVEIK,240.31,3.174897124083543,5.191078821286359,4.182987972684951
>22_0.25_AM14_01_0084,VQLVESGGGVVQPGRSLRLSCVASGFSFSHYAMHWVRQPPGKGLEWVAVISYDGERTHYADSVKGRFSISRDNSKNTVHLQMNNLRPEDTALYYCARDRIVDDYYYYGMDVWGQGATVIVSS,DIQMTQSPESLSASVGDRVTITCQASQDIKTWLNWYHQKPGKVPELLMYDSNKLDSNVPSRFSGRGSGTDFTLTISSLQPEDIGTYYCQQYDKLPPLTFGEGTKVEIK,356.8,3.114597268017279,4.357940186941126,3.736268727479202
>23_0.5_AM14_01_0031,VQLVESGGGVVQPGRSLRLSCVASGFSFSHYAMHWVRQPPGKGLEWVAVISYDGEYTYYADSVKGRFSISRDNSKNTVHLQMNNLRPEDTALYYCARDRIVDDYYYYGMDVWGQGATVIVSS,DIQMTQSPESLSASVGDRVTITCRASQSLVNSNGNTYLYWYHQKPGKVPELLMHDGTNLEEGVPSRFSGRGSGTDFTLTISSLQPEDIGTYYCMQFDNLPPLSFGEGTKVEIK,255.3,3.0810999899446614,4.468079308289705,3.7745896491171833
>24_0.5_AM14_01_0032,VQLVESGGGVVQPGRSLRLSCVASGFSFSHYAMHWVRQPPGKGLEWVAVISYDGKYTYYADSVKGRFSISRDNSKNTVHLQMNNLRPEDTALYYCARDRIVDDYYYYGMDVWGQGATVIVSS,DIQMTQSPESLSASVGDRVTITCKSSQSLLNSNTQKNYLAWYHQKPGKVPELLMHDGTNLEPGVPSRFQGRGSGTDFTLTISSLQPEDIGTYYCQQYDKLPPLTFGEGTKVEIK,352.64,3.106611463085538,4.459546468997919,3.7830789660417286
>25_0.5_AM14_01_0070,VQLVESGGGVVQPGRSLRLSCVASGFSFSHYAMHWVRQPPGKGLEWVAVISYDGEKTYYADSVKGRFSISRDNSKNTVHLQMNNLRPEDTALYYCARDRIVDDYYYYGMDVWGQGAIVIVSS,DIQMTQSPESLSASVGDRVTITCRASESVDYNGRSFIHWYHQKPGKVPELLMHDGSNLEPGVPSRFSGRGSGTDFTLTISSLQPEDIGTYYCQQYDKLPPLTFGEGTKVEIK,289.98,3.1658964878622524,5.004649338363157,4.085272913112704
>26_0_AM14_01_0031,VQLVESGGGVVQPGRSLRLSCVASGFAFSHYAMHWVRQPPGKGLEWVAVISYDGEKTYYADSVKGRFSITRDNSKNTVHLQMNNLRPEDTALYYCARDRIVDDYYYYGMDVWGQGATVIVSS,DIQMTQHPESLSASVGDRVTITCRASRSLVNSNGNTYLYWYHQKPGKVPELLMHDGTNLHPGVPERFQGRGSGTDFTLTISSLQPEDIGIYYCMQFDNLPPLSFGEGTKVEIK,194.42,3.195292033786383,5.0968957305460485,4.146093882166216
>27_0_AM14_01_0032,VQLVESGGGVVQPGRSLRLSCVASGFAFSHYAMHWVRQPPGKGLEWVAVISYDGEKTYYADSVKGRFSITRDNSKNTVHLQMNNLRPEDTALYYCARDRIVDDYYYYGMDVWGQGATVIVSS,DIQMTQSPESLSASVGDRVTITCRSSQSLLNSNTQKNYLAWYHQKPGKVPELLMHDGTNLEPGVPERFQGRGSGTDFTLTISSLQPEDIGIYYCQQYDKLPPLTFGEGTKVEIK,311.95,3.195292033786383,4.768559521757872,3.9819257777721275
>28_0_AM14_01_0070,VQLVESGGGVVQPGRSLRLSCVASGFAFSHYAMHWVRQPPGKGLEWVAVISYDGEKTYYADSVKGRFSISRDNSKNTVHLQMNNLRPEDTALYYCARDRIVDDYYYYGMDVWGQGAIVIVSS,DIQMTQSPESLSASVGDRVTITCRASDSVDYNGRSFIHWYHQKPGKVPELLMHDASSLEPGVPERFQGRGSGTDFTLTISSLQPEDIGIYYCQQYDKLPPLSFGEGTKVEIK,167.27,3.2524883284404082,5.43905715239847,4.345772740419439
>29_0_AM14_01_0084_,VQLVESGGGVVQPGRSLRLSCVASGFSFSHYAMHWVRQPPGKGLEWVAVISYDGERTHYADSVKGRFSISRDNSKNTVHLQMNNLRPEDTALYYCARDRIVDDYYYYGMDVWGQGATVIVSS,DIQMTQSPESLSASVGDRVTITCQASQDIKTFLNWYHQKPGKVPELLMYDSNKLSSNVPSRFQGRGSGTDFTLTISSLQPEDIGTYYCQQYDKLPPLTFGEGTKVEIK,277.91,3.114597268017279,4.5202288038807605,3.81741303594902
>30_1.5_AM14_01_0010,VQLVESGGGVVQPGRSLRLSCQASGFSFSHYAMHWVRQPPGKGLEWVAVISYDGEKTYYADSVKGRFSISRDNSKNTVHLQMNNLRPEDTALYYCARDRIVDDYYYYGMDVWGQGATVTVSS,DIQMTQSPESLSASVGDRVTITCQASQDIKKYLNWYHQKPGKVPELLMDKGHVVHPGVPSRFSGRGSGTDFTLTISSLQPEDIGTYYCQQYDNLPPLTFGEGTKVEIK,309.98,3.0379005825371546,4.384935249194129,3.711417915865642
>31_1.5_AM14_01_0070,VQLVESGGGVVQPGRSLRLSCVASGFSFSHYAMHWVRQPPGKGLEWVAVISYDGEYTYYADSVKGRFSISRDNSKNTVHLQMNSLRPEDTALYYCARDRIVDDYYYYGMDVWGQGATVIVSS,DIQMTQSPSSLSASVGDRVTITCRASESVDYDGRSFIHWYHQKPGKVPELLMHDTSNLEPGVPSRFSGRGSGTDFTLTISSLQPEDIGTYYCQQYDRLPPLTFGEGTKVEIK,356.33,2.9946858119165753,4.774598822435203,3.884642317175889
>32_1.5_AM14_01_0084,VQLVESGGGVVQPGRSLRLSCVASGFSFSHYAMHWVRQPPGKGLEWVAVISYDGENTYYADSVKGRFSISRDNSKNTVHLQMNSLRPEDTALYYCARDRIVDDYYYYGMDVWGQGATVTVSS,DIQMTQSPESLSASVGDRVTITCQASQDIKKYLNWYHQKPGKVPELLMYDANKLDSNVPSRFSGRGSGTDFTLTISSLQPEDIGTYYCQQYDKLPPLTFGEGTKVEIK,303.29,2.9327326912190332,4.318532246828027,3.6256324690235298
>33_1_AM14_01_0032,VQLVESGGGVVQPGRSLRLSCKASGFSFSHYAMHWVRQPPGKGLEWVAVISYDGEETYYADSVKGRFSISRDNSKNTVHLQMNNLRPEDTALYYCARDRIVDDYYYYGMDVWGQGATVIVSS,DIQMTQSPESLSASVGDRVTITCKSSQSLLNSNTQKNYLAWYHQKPGKVPELLMHDATNLEPGVPSRFSGRGSGTDFTLTISSLQPEDIGTYYCQQYDKLPPLTFGEGTKVEIK,359.89,3.10378331362323,4.242856750602786,3.6733200321130077
>34_1_AM14_01_0084,VQLVESGGGVVQPGRSLRLSCVASGFSFSHYAMHWVRQPPGKGLEWVAVISYDGEITYYADSVKGRFSISRDNSKNTVHLQMNNLRPEDTALYYCARDRIVDDYYYYGMDVWGQGATVTVSS,DIQMTQSPESLSASVGDRVTITCQASQDIKNYLNWYHQKPGKVPELLMYDSNKLDSNVPSRFSGRGSGTDFTLTISSLQPEDIGTYYCQQYDKLPPLTFGEGTKVEIK,341.14,3.1347608476777915,4.333636367296935,3.7341986074873637
>35_2.5_AM14_01_0010,VQLVESGGGVVQPGRSLRLSCQASGFSFSHYAMHWVRQPPGKGLEWVAVISYDGEITYYADSVKGRFSISRDNSKNTVSLQMNSLRPEDTALYYCARDRIVDDYYYYGMDVWGQGATVTVSS,DIQMTQSPSSLSASVGDRVTITCQASQDIKKYLNWYHQKPGKVPELLMDKGHVVHPGVPSRFSGRGSGTDFTLTISSLQPEDIGTYYCQQYDNLPPLTFGEGTKVEIK,271.12,3.054875197617542,4.190207813972389,3.6225415057949655
>36_2_AM14_01_0032,VQLVESGGGVVQPGRSLRLSCAASGFSFSHYAMHWVRQPPGKGLEWVAVISYDGEETYYADSVKGRFSISRDNSKNTVHLQMNNLRPEDTALYYCARDRIVDDYYYYGMDVWGQGATVTVSS,DIQMTQSPSSLSASVGDRVTITCKSSQSLLNSNTQKNYLAWYHQKPGKVPELLMHDASNLEPGVPSRFSGRGSGTDFTLTISSLQPEDIGTYYCQQYDKLPPLTFGEGTKVEIK,358.79,3.008359103002148,4.078068636894352,3.54321386994825
>37_3.5_AM14_01_0010,VQLVESGGGVVQPGRSLRLSCAASGFSFSHYAMHWVRQPPGKGLEWVAVISYDGENTYYADSVKGRFSISRDNSKNTVSLQMNSLRPEDTALYYCARDRIVDDYYYYGMDVWGQGATVTVSS,DIQMTQSPSSLSASVGDRVTITCQASQDIKKYLNWYHQKPGKVPELLMDKGHVVHPGVPSRFSGRGSGTDFTLTISSLQPEDIGTYYCQQYDNLPPLTFGEGTKVEIK,270.03,2.8944061845137403,4.190207813972389,3.5423069992430647
>38_3.5_AM14_01_0031,VQLVESGGGVVQPGRSLRLSCAASGFSFSHYAMHWVRQPPGKGLEWVAVISYDGENTYYADSVKGRFSISRDNSKNTVSLQMNSLRPEDTALYYCARDRIVDDYYYYGMDVWGQGATVTVSS,DIQMTQSPSSLSASVGDRVTITCRASQSLVNSNGNTYLYWYHQKPGKVPELLMHDASNLETGVPSRFSGRGSGTDFTLTISSLQPEDIGTYYCQQYDNLPPLTFGGGTKVEIK,249.31,2.8944061845137403,4.102754901720547,3.4985805431171437
>39_3_AM14_01_0010,VQLVESGGGVVQPGRSLRLSCAASGFSFSHYAMHWVRQPPGKGLEWVAVISYDGEITYYADSVKGRFSISRDNSKNTVSLQMNSLRPEDTALYYCARDRIVDDYYYYGMDVWGQGATVTVSS,DIQMTQSPSSLSASVGDRVTITCQASQDIKKYLNWYHQKPGKVPELLMDKGHVVHPGVPSRFSGRGSGTDFTLTISSLQPEDIGTYYCQQYDNLPPLTFGEGTKVEIK,284.68,3.0013387412437442,4.190207813972389,3.5957732776080666
>59_AM14_0_5,VQLVEDGGGIVQPGRSLRLSCYARGFDFHHYAMHWVRQPPGDGLEWVAVISYDGEQTYYADSVKGRFSISRDNSKNTVYLQMNSLQPEDTALYYCARDRIVDDVYYYGMDVWGQGAMVIVDS,DVQLIQSPESLSARVGDKVTIYCQSSRDIHNYLNWYHQKPGRVPELLMHDAWNLEPGVPERFQGRGSGTDFTLTISHLQPEDTGIYYCQAYHNYGNLSFGQGTYVEIS,209.46,4.293137006833032,5.46383510552709,4.87848605618006
>60_AM14_0_5_frame,VQLHTSGGGVVPPGRSLRLVCYASGFSFSHYAMHWVRQPPGDGLEWVAVISYDGENTYYHPSVHGRFSISRDNSKNVVYLQMNSLQPEDTALYYCARDRIVDDYYYYGMDVWGQGAMVIVSS,DIQLYQSPESLWARVGDRVTIYCQASQDIKKYLNWYHQKPGRVPELLMHDASNLETGVPERFQGRGSGTDFTLTIESLQPEDQGIYYCQQYDNLPPLTFGQGTQVRIK,243.93,4.3098553063963765,5.975506811486412,5.142681058941394
>61_AM14_1_0_frame,VQLVTSGGGVVQPGRSLRLVCYASGFSFSHYAMHWVRQPPGDGLEWVAVISYDGENTYYHPSVKGRFSISRDNSKNTVYLQMNSLQPEDTALYYCARDRIVDDYYYYGMDVWGQGAMVIVSS,DIQLYQSPESLSARVGDRVTIHCQASQDIKKYLNWYHQKPGKVPELLMHDASNLETGVPSRFQGRGSGTDFTLTIESLQPEDQGIYYCQQYDNLPPLTFGQGTYVQIK,158.76,4.285297888769201,5.235395563999492,4.760346726384347
>62_AM14_1_5_frame,VQLVTSGGGVVQPGRSLRLVCYASGFSFSHYAMHWVRQPPGKGLEWVAVISYDGENTYYHDSVKGRFSISRDNSKNTVYLQMNSLQPEDTALYYCARDRIVDDYYYYGMDVWGQGAMVIVSS,DIQLYQSPSSLSARVGDRVTITCQASQDIKKYLNWYHQKPGKVPELLMHDASNLETGVPSRFQGRGSGTDFTLTISSLQPEDQGTYYCQQYDNLPPLTFGQGTKVVIK,302.58,3.890899442102812,4.57014405676544,4.230521749434126
>63_AM14_2_0_frame,VQLVESGGGVVQPGRSLRLSCYASGFSFSHYAMHWVRQPPGKGLEWVAVISYDGENTYYADSVKGRFSISRDNSKNTVELQMNSLRPEDTALYYCARDRIVDDYYYYGMDVWGQGAWVIVSS,DIQLYQSPSSLSASVGDRVTITCQASQDIKKYLNWYHQKPGKVPELLMHDASNLETGVPSRFQGRGSGTDFTLTISSLQPEDQGTYYCQQYDNLPPLTFGQGTKVVIK,347.97,3.4946691147994264,4.550407425373347,4.022538270086387
