name,heavy,light,Kd,heavy_perplexity,light_perplexity,average_perplexity
>96_RSB1_WT,QVQLVQSGAEVKKPGSSVKVSCKTSGGTYGTYSINWVRQAPGQGLEWMGAIIPIFGKTNYAQKFQGRVTITADASTSTAYMELGSLTSEDTAMYYCARVEDTALDHYFDYWGQGALVTVSS,QSALTQPRSVSGSPGQSVTISCTGTSGDVGTYNYVSWYQQLPGKAPKLMIYDVTRRPSGVPDRFSGSKSGNTASLTISGLQADDEADYYCCSYAGTLTWVFGGGTKLTVL,1.13e-10,2.7973644391032657,3.13952340560364,2.968443922353453
>16_RSB1_02_1.5_0021,QVQLVQSGAEVKKPGSSVKVSCKTSAGNYSTYSINWVRQAPGQGLEWMGAIIPIFGKTRYHQKFQGRVTITADSSTNTAYMELTSLTSEDTAMYYCARVEDTALDHYFDYWGQGALVTVSS,QSMLTQPRSVSGSPGQSVTISCQGTSSIVGTYDYVSWYQQLPGKAPKLMIYDVTRRPKGVPDRFSGSKSGNTASLTISGLQKDDEADYYCCSYTGTLTWVFGTGTKLTVL,3e-08,3.1255948646278977,3.65858420272102,3.3920895336744588
>17_RSB1_02_2_0004,QVQLVQSGAEVKKPGSSVKVSCKTSGGTYGTYSINWVRQAPGQGLEWMGAIIPIFGKTNYAQKFQGRVTITADSSTNTAYMELTSLTSEDTAMYYCARVEDTALDHYFDYWGQGALVTVSS,QSPLTQPRSVSGSPGQSVTISCTGTSGDVGTYNYVSWYQQLPGKAPKLMIYDVTRRPSGVPDRFSGSKSGNTASLTISGLQEDDEADYYCCSYAGTLTWVFGTGTKLTVL,8.59e-11,2.822071307124858,3.4331688149558457,3.1276200610403517
>18_RSB1_03_2.5_0009,QVQLVQSGAEVKKPGSSVKVSCKTSSGSYSTYSINWVRQAPGQGLEWMGAIIPIFGKTNYHQKFQGRVTITADSSTNTAYMELTSLTSEDTAMYYCARVEDQALDHYFDYWGQGALVTVSS,QSALTQPRSVSGSPGQSVTISCQGTSSDTGTYDYVSWYQQLPGKAPKLMIYDVTRRPSGVPDRFSGSKSGNTASLTISGLQKDDEADYYCCVYTGTLTWIFGGGTKLTVL,4.49e-10,3.0535880042331223,3.1926127532221535,3.1231003787276377
>51_0.5_RSB1_03_0005,QVQLVQSGPEVKKPGSSVKVSCKTSSGTYSTYSINWVRQAPGQGLEWMGAIIPIFGITRYHQKFQGRVTITADSSTNTAYMELTNLTSEDTAMYYCARVEDTALDHYFDYWGQGALVIVSS,QSSLTQPRSVSGSPGQVVTISCTGTSSQMGTFNYVAWYQQLPGKPPKLMIYGGSTRDSGVPDRFSGSKSGNTAVLTISGLQKDDEADYYCCAYVGTLTWVFGDGTKLTVL,4.7e-09,3.4532897235864572,3.8291745188945847,3.641232121240521
>53_0_RSB1_03_0005,QVQLVQSGPEVRKPGSSVKVSCKTSSGTYSTYSINWVRQAPGQGLEWMGAIIPIFGITRYHQKFQGRVTITADSSTNTAYMELTNLTSEDTAMYYCARVEDTALDHYFDYWGQGALVIVSS,QSSLTQPRSVSGYPGQVVTISCTGTSSQMGTFNYVAWYQQLPGKPPKLMIYGASTRDSGVPDRFSGSKSGNTAVLTISGLQKDDEADYYCCAYVGTLTWVFGDGTKLTVL,1.52e-09,3.4824521034276783,3.9680954370978907,3.7252737702627847
>55_1.5_RSB1_03_0005,QVQLVQSGPEVKKPGSSVKVSCKTSSGTYGTYSINWVRQAPGQGLEWMGAIIPIFGKTNYHQKFQGRVTITADTSTNTAYMELTSLTSEDTAMYYCARVEDTALDHYFDYWGQGALVTVSS,QSSLTQPRSVSGSPGQVVTISCTGTSSQMGTYNYVSWYQQLPGKPPKLMIYGASTRDSGVPDRFSGSKSGNTASLTISGLQKDDEADYYCCSYAGTLTWVFGDGTKLTVL,1.4e-09,3.0859135274142435,3.472482221322106,3.2791978743681747
>56_1_RSB1_03_0005,QVQLVQSGPEVKKPGSSVKVSCKTSSGTYGTYSINWVRQAPGQGLEWMGAIIPIFGKTRYHQKFQGRVTITADTSTNTAYMELTNLTSEDTAMYYCARVEDTALDHYFDYWGQGALVTVSS,QSSLTQPRSVSGSPGQVVTISCTGTSSQMGTFNYVSWYQQLPGKPPKLMIYGASTRDSGVPDRFSGSKSGNTAVLTISGLQKDDEADYYCCAYAGTLTWVFGDGTKLTVL,8.03e-10,3.3841231632267865,3.7000946282898557,3.542108895758321
>57_1_RSB1_03_0005,QVQLVQSGPEVKKPGSSVKVSCKTSSGTYGTYSINWVRQAPGQGLEWMGAIIPIFGKTRYHQKFQGRVTITADTSTNTAYMELTNLTSEDTAMYYCARVEDTALDHYFDYWGQGALVTVSS,QSSLTQPRSVSGSPGQVVTISCTGTSSQMGTFNYVSWYQQLPGKPPKLMIYGASTRDSGVPDRFSGSKSGNTAVLTISGLQKDDEADYYCCAYAGTLTWVFGEGTKLTVL,2.84e-10,3.3841231632267865,3.6649777356749382,3.5245504494508624
>64_RSB1_1_5,DVSLQQSDSTVRKPGSSVILSCKLDHGKYTTYSINWVRQGMGQGLEWMGAIIPIFGITRYHQKFDGRVTITADDSTNTAYMELTNLTSEDTAVYYCAVVEDEALDHYFDYWGQGTLVIVSS,QSSLQQPESVSGKPGQTVTISCTGDSEQIGTYNYVSWYQQYPGKAPKLLIYDVTRRPPGVPERFSGDHSGGTMSLTIRGLQKDDEAIYYCCAYTGTLLWVFGEGTKLTVL,3.77e-10,5.274609142419687,5.127228834805128,5.200918988612408
>65_RSB1_3_0,DVSLTQSDSDVRKPGSSVKLSCKTDHGKYGTYSINWVRQGMGQGLEWMGAIIPIFGKTNYHQKFQGRVTITADDSTNTAYMELTNLTSEDTAVYYCAVVEDTALDHYFDYWGQGTLVIVSS,QSSLQMPESVSGYPGQIVTISCTGDSDQLGTYNYVSWYQQLPGKAPKLLIYDVTRRPPGVPDRFSGDFSGHTMVLTISNLQKDDEAIYYCCSYTGTLTWVFGEGTKLTVL,1.58e-10,4.776287764807273,5.167090371533664,4.971689068170468
>66_RSB1_3_5,DVSLTQSDSDVRKPGSSVKLSCKTSDGTYGTYSINWVRQGTGQGLEWMGAIIPIFGKTNYHQKFQGRVTITADDSTRTAYMELTSLTSEDTAVYYCAVVQDTALDHYFDYWGQGTLVIVSS,QSSLTMPESVSGYPGQSVTISCTGDSSQLGTYNYVSWYQQLPGKAPKLLIYDVTRRPPGVPDRFSGDFSGNTMVLTISGLQKDDEAIYYCCSYTGTLTWVFGEGTKLTVL,7.01e-10,4.1166106093261945,4.747918505077474,4.432264557201835
>67_RSB1_4_5,QVQLQQSDSDVKKPGSSVKLSCKTSSGKYTTYSINWVRQGPGQGLEWMGAIIPIFGKTNYAQKFQGRVTITADDSTNTAYMILTNLTSEDTAVYYCARVEDTALDHYFDYWGQGTLVTVSS,QSALTQPRSVSGSPGQSVTISCTGDSEDLGTYNYVSWYQQLPGKAPKLLIYDVTRRPPGVPDRFSGSHSGNTASLTISGLQKDDEAIYYCCSYVGTLTWVFGSGTKLTVL,1.01e-10,3.6153111633779984,3.7672782306932566,3.6912946970356275
>68_RSB1_0_5_3_frame,DVSLTQSDSDVKKPGGSVIISCSLHGGTYGTYSINWVRQGMGQGLEWMGAIIPIFGKTRYHKKFHGRVIITADDSNNTAYLHLTNLTEEDTAVYYCARVEDTALDHYFDYWGEGTLIIVSS,QSSLTQPESVSGKPGQTVTISCTGTSGDVGTYNYVSWYQQYPGHAPQLLIYDVTRRPSGVPSRFSGDHSGNIMSLTITNLQKDDEAIYYCCSYAGTLTWVFGNGTKLTVL,1.83e-10,5.579380129583561,4.6738966752460245,5.126638402414793
>69_RSB1_0_5_frame,DVSLTQSDSDVRKPGGSVIISCQLNGGTYGTYSINWVRQGTGQGLEWMGAIIPIFGKTRYHKKFRGRVTITADDSKNTAYIHLTNLTSEDTAHYYCAVVEDTALDHYFDYWGQGTLVIVSS,QSSLWQPRSVSGKPGQTVTITCTGTSGDVGTYNYVSWYRQYPGRAPQLLIYDVTRRPSGVPERFTGDHSGNTMVLIIRGLQETDEAIYYCCSYAGTLTWVFGNGTKLTVL,2.65e-10,5.590744511257673,5.588268388300512,5.589506449779092
>70_RSB1_1_0_frame,DVSLTQSDSDVRKPGGSVIISCQLNGGTYGTYSINWVRQGMGQGLEWMGAIIPIFGKTRYHQKFQGRVTITADDSKNTAYIHLTNLTSEDTAVYYCAVVEDTALDHYFDYWGQGTLVIVSS,QSSLTQPRSVSGFPGQTVTITCTGTSGDVGTYNYVSWYYQLPGHAPKLLIYDVTRRPSGVPERFTGDHSGNTMVLIIRGLQETDEAIYYCCSYAGTLTWVFGNGTKLTVL,1.92e-10,4.943752854414114,5.517263827353551,5.230508340883832
>71_RSB1_2_5_frame,DVSLTQSDSDVRKPGSSVKLSCKTDGGTYGTYSINWVRQGMGQGLEWMGAIIPIFGKTNYHQKFQGRVTITADDSTNTAYMELTNLTSEDTAVYYCAVVEDTALDHYFDYWGQGTLVIVSS,QSSLQMPESVSGYPGQTVTISCTGTSGDVGTYNYVSWYQQLPGKAPKLLIYDVTRRPSGVPERFSGDHSGGTMVLTIEGLQEDDEAIYYCCSYAGTLTWVFGEGTKLTVL,1.51e-10,4.6037916167032895,5.219397273502669,4.911594445102979
>72_RSB1_3_5_frame,DVSLQQSDSDVKKPGSSVILSCKLSGGTYGTYSINWVRQGPGQGLEWMGAIIPIFGKTNYHQKFQGRVTITADDSTNTAYLILTNLTSEDTAVYYCAVVEDTALDHYFDYWGQGTLVTVSS,QSSLTQPRSVSGSPGQSVTISCTGTSGDVGTYNYVSWYQQLPGKAPKLLIYDVTRRPSGVPDRFSGDFSGNTMVLTINGLQKDDEAIYYCCSYAGTLTWVFGEGTKLTVL,1.24e-10,4.357287627084801,4.218260313186435,4.287773970135618
>92_RSB1_03_0005_2_0,DVSLTQSDSCVRKPGGSVVISCKLNDGHYTTYSINWVRQGMGQGLEWMGAIIPIFGKTRYHQKFDGRVTITADSSKNTAYMYLTNLTSEDTAVYYCAIVEDQALDHYFDYWGQGTLVIVSS,QSSLQQPESVSGKPGQTVTISCRGTSNTIGTYNYVSWYQQYPGRAPQLLIYNVSIRDRGVPERFSGSCSGNTASLTIRGLQKDDEAIYYCCVYTGDLLWVFGEGTKLTVL,6.38e-11,5.721820742777202,4.593245105505945,5.157532924141574
