name,heavy,light,Kd
>96_RSB1_WT,QVQLVQSGAEVKKPGSSVKVSCKTSGGTYGTYSINWVRQAPGQGLEWMGAIIPIFGKTNYAQKFQGRVTITADASTSTAYMELGSLTSEDTAMYYCARVEDTALDHYFDYWGQGALVTVSS,QSALTQPRSVSGSPGQSVTISCTGTSGDVGTYNYVSWYQQLPGKAPKLMIYDVTRRPSGVPDRFSGSKSGNTASLTISGLQADDEADYYCCSYAGTLTWVFGGGTKLTVL,1.13E-10
>16_RSB1_02_1.5_0021,QVQLVQSGAEVKKPGSSVKVSCKTSAGNYSTYSINWVRQAPGQGLEWMGAIIPIFGKTRYHQKFQGRVTITADSSTNTAYMELTSLTSEDTAMYYCARVEDTALDHYFDYWGQGALVTVSS,QSMLTQPRSVSGSPGQSVTISCQGTSSIVGTYDYVSWYQQLPGKAPKLMIYDVTRRPKGVPDRFSGSKSGNTASLTISGLQKDDEADYYCCSYTGTLTWVFGTGTKLTVL,3.00E-08
>17_RSB1_02_2_0004,QVQLVQSGAEVKKPGSSVKVSCKTSGGTYGTYSINWVRQAPGQGLEWMGAIIPIFGKTNYAQKFQGRVTITADSSTNTAYMELTSLTSEDTAMYYCARVEDTALDHYFDYWGQGALVTVSS,QSPLTQPRSVSGSPGQSVTISCTGTSGDVGTYNYVSWYQQLPGKAPKLMIYDVTRRPSGVPDRFSGSKSGNTASLTISGLQEDDEADYYCCSYAGTLTWVFGTGTKLTVL,8.59E-11
>18_RSB1_03_2.5_0009,QVQLVQSGAEVKKPGSSVKVSCKTSSGSYSTYSINWVRQAPGQGLEWMGAIIPIFGKTNYHQKFQGRVTITADSSTNTAYMELTSLTSEDTAMYYCARVEDQALDHYFDYWGQGALVTVSS,QSALTQPRSVSGSPGQSVTISCQGTSSDTGTYDYVSWYQQLPGKAPKLMIYDVTRRPSGVPDRFSGSKSGNTASLTISGLQKDDEADYYCCVYTGTLTWIFGGGTKLTVL,4.49E-10
>51_0.5_RSB1_03_0005,QVQLVQSGPEVKKPGSSVKVSCKTSSGTYSTYSINWVRQAPGQGLEWMGAIIPIFGITRYHQKFQGRVTITADSSTNTAYMELTNLTSEDTAMYYCARVEDTALDHYFDYWGQGALVIVSS,QSSLTQPRSVSGSPGQVVTISCTGTSSQMGTFNYVAWYQQLPGKPPKLMIYGGSTRDSGVPDRFSGSKSGNTAVLTISGLQKDDEADYYCCAYVGTLTWVFGDGTKLTVL,4.70E-09
>53_0_RSB1_03_0005,QVQLVQSGPEVRKPGSSVKVSCKTSSGTYSTYSINWVRQAPGQGLEWMGAIIPIFGITRYHQKFQGRVTITADSSTNTAYMELTNLTSEDTAMYYCARVEDTALDHYFDYWGQGALVIVSS,QSSLTQPRSVSGYPGQVVTISCTGTSSQMGTFNYVAWYQQLPGKPPKLMIYGASTRDSGVPDRFSGSKSGNTAVLTISGLQKDDEADYYCCAYVGTLTWVFGDGTKLTVL,1.52E-09
>55_1.5_RSB1_03_0005,QVQLVQSGPEVKKPGSSVKVSCKTSSGTYGTYSINWVRQAPGQGLEWMGAIIPIFGKTNYHQKFQGRVTITADTSTNTAYMELTSLTSEDTAMYYCARVEDTALDHYFDYWGQGALVTVSS,QSSLTQPRSVSGSPGQVVTISCTGTSSQMGTYNYVSWYQQLPGKPPKLMIYGASTRDSGVPDRFSGSKSGNTASLTISGLQKDDEADYYCCSYAGTLTWVFGDGTKLTVL,1.40E-09
>56_1_RSB1_03_0005,QVQLVQSGPEVKKPGSSVKVSCKTSSGTYGTYSINWVRQAPGQGLEWMGAIIPIFGKTRYHQKFQGRVTITADTSTNTAYMELTNLTSEDTAMYYCARVEDTALDHYFDYWGQGALVTVSS,QSSLTQPRSVSGSPGQVVTISCTGTSSQMGTFNYVSWYQQLPGKPPKLMIYGASTRDSGVPDRFSGSKSGNTAVLTISGLQKDDEADYYCCAYAGTLTWVFGDGTKLTVL,8.03E-10
>57_1_RSB1_03_0005,QVQLVQSGPEVKKPGSSVKVSCKTSSGTYGTYSINWVRQAPGQGLEWMGAIIPIFGKTRYHQKFQGRVTITADTSTNTAYMELTNLTSEDTAMYYCARVEDTALDHYFDYWGQGALVTVSS,QSSLTQPRSVSGSPGQVVTISCTGTSSQMGTFNYVSWYQQLPGKPPKLMIYGASTRDSGVPDRFSGSKSGNTAVLTISGLQKDDEADYYCCAYAGTLTWVFGEGTKLTVL,2.84E-10
>64_RSB1_1_5,DVSLQQSDSTVRKPGSSVILSCKLDHGKYTTYSINWVRQGMGQGLEWMGAIIPIFGITRYHQKFDGRVTITADDSTNTAYMELTNLTSEDTAVYYCAVVEDEALDHYFDYWGQGTLVIVSS,QSSLQQPESVSGKPGQTVTISCTGDSEQIGTYNYVSWYQQYPGKAPKLLIYDVTRRPPGVPERFSGDHSGGTMSLTIRGLQKDDEAIYYCCAYTGTLLWVFGEGTKLTVL,3.77E-10
>65_RSB1_3_0,DVSLTQSDSDVRKPGSSVKLSCKTDHGKYGTYSINWVRQGMGQGLEWMGAIIPIFGKTNYHQKFQGRVTITADDSTNTAYMELTNLTSEDTAVYYCAVVEDTALDHYFDYWGQGTLVIVSS,QSSLQMPESVSGYPGQIVTISCTGDSDQLGTYNYVSWYQQLPGKAPKLLIYDVTRRPPGVPDRFSGDFSGHTMVLTISNLQKDDEAIYYCCSYTGTLTWVFGEGTKLTVL,1.58E-10
>66_RSB1_3_5,DVSLTQSDSDVRKPGSSVKLSCKTSDGTYGTYSINWVRQGTGQGLEWMGAIIPIFGKTNYHQKFQGRVTITADDSTRTAYMELTSLTSEDTAVYYCAVVQDTALDHYFDYWGQGTLVIVSS,QSSLTMPESVSGYPGQSVTISCTGDSSQLGTYNYVSWYQQLPGKAPKLLIYDVTRRPPGVPDRFSGDFSGNTMVLTISGLQKDDEAIYYCCSYTGTLTWVFGEGTKLTVL,7.01E-10
>67_RSB1_4_5,QVQLQQSDSDVKKPGSSVKLSCKTSSGKYTTYSINWVRQGPGQGLEWMGAIIPIFGKTNYAQKFQGRVTITADDSTNTAYMILTNLTSEDTAVYYCARVEDTALDHYFDYWGQGTLVTVSS,QSALTQPRSVSGSPGQSVTISCTGDSEDLGTYNYVSWYQQLPGKAPKLLIYDVTRRPPGVPDRFSGSHSGNTASLTISGLQKDDEAIYYCCSYVGTLTWVFGSGTKLTVL,1.01E-10
>68_RSB1_0_5_3_frame,DVSLTQSDSDVKKPGGSVIISCSLHGGTYGTYSINWVRQGMGQGLEWMGAIIPIFGKTRYHKKFHGRVIITADDSNNTAYLHLTNLTEEDTAVYYCARVEDTALDHYFDYWGEGTLIIVSS,QSSLTQPESVSGKPGQTVTISCTGTSGDVGTYNYVSWYQQYPGHAPQLLIYDVTRRPSGVPSRFSGDHSGNIMSLTITNLQKDDEAIYYCCSYAGTLTWVFGNGTKLTVL,1.83E-10
>69_RSB1_0_5_frame,DVSLTQSDSDVRKPGGSVIISCQLNGGTYGTYSINWVRQGTGQGLEWMGAIIPIFGKTRYHKKFRGRVTITADDSKNTAYIHLTNLTSEDTAHYYCAVVEDTALDHYFDYWGQGTLVIVSS,QSSLWQPRSVSGKPGQTVTITCTGTSGDVGTYNYVSWYRQYPGRAPQLLIYDVTRRPSGVPERFTGDHSGNTMVLIIRGLQETDEAIYYCCSYAGTLTWVFGNGTKLTVL,2.65E-10
>70_RSB1_1_0_frame,DVSLTQSDSDVRKPGGSVIISCQLNGGTYGTYSINWVRQGMGQGLEWMGAIIPIFGKTRYHQKFQGRVTITADDSKNTAYIHLTNLTSEDTAVYYCAVVEDTALDHYFDYWGQGTLVIVSS,QSSLTQPRSVSGFPGQTVTITCTGTSGDVGTYNYVSWYYQLPGHAPKLLIYDVTRRPSGVPERFTGDHSGNTMVLIIRGLQETDEAIYYCCSYAGTLTWVFGNGTKLTVL,1.92E-10
>71_RSB1_2_5_frame,DVSLTQSDSDVRKPGSSVKLSCKTDGGTYGTYSINWVRQGMGQGLEWMGAIIPIFGKTNYHQKFQGRVTITADDSTNTAYMELTNLTSEDTAVYYCAVVEDTALDHYFDYWGQGTLVIVSS,QSSLQMPESVSGYPGQTVTISCTGTSGDVGTYNYVSWYQQLPGKAPKLLIYDVTRRPSGVPERFSGDHSGGTMVLTIEGLQEDDEAIYYCCSYAGTLTWVFGEGTKLTVL,1.51E-10
>72_RSB1_3_5_frame,DVSLQQSDSDVKKPGSSVILSCKLSGGTYGTYSINWVRQGPGQGLEWMGAIIPIFGKTNYHQKFQGRVTITADDSTNTAYLILTNLTSEDTAVYYCAVVEDTALDHYFDYWGQGTLVTVSS,QSSLTQPRSVSGSPGQSVTISCTGTSGDVGTYNYVSWYQQLPGKAPKLLIYDVTRRPSGVPDRFSGDFSGNTMVLTINGLQKDDEAIYYCCSYAGTLTWVFGEGTKLTVL,1.24E-10
>92_RSB1_03_0005_2_0,DVSLTQSDSCVRKPGGSVVISCKLNDGHYTTYSINWVRQGMGQGLEWMGAIIPIFGKTRYHQKFDGRVTITADSSKNTAYMYLTNLTSEDTAVYYCAIVEDQALDHYFDYWGQGTLVIVSS,QSSLQQPESVSGKPGQTVTISCRGTSNTIGTYNYVSWYQQYPGRAPQLLIYNVSIRDRGVPERFSGSCSGNTASLTIRGLQKDDEAIYYCCVYTGDLLWVFGEGTKLTVL,6.38E-11