Unnamed: 0,heavy,light,fitness,heavy_perplexity,light_perplexity,average_perplexity
0,EVQLVESGGGLVQPGGSLRLSCAASGFNVSSSYIHWVRQAPGKGLEWVARIYPENGSTRYADSVKGRFTISADTSKNTAYLQMNSLRAEDTAVYYCSRYSYYGGYAFDYWGQGTLVTVSS,DIQMTQSPSSLSASVGDRVTITCRASQDVNTAVAWYQQKPGKAPKLLIYSASFLYSGVPSRFSGSRSGTDFTLTISSLQPEDFATYYCQQHYTTPPTFGQGTKVEIK,224.9,2.870256152640636,2.2733335453894443,2.57179484901504
1,EVQLVESGGGLVQPGGSLRLSCAASGFNISDYYIHWVRQAPGKGLEWVARIYPSSGYTRYADSVKGRFTISADTSKNTAYLQMNSLRAEDTAVYYCARDGGVGSYSMDVWGQGTLVTVSS,DIQMTQSPSSLSASVGDRVTITCRASQDVNTAVAWYQQKPGKAPKLLIYSASFLYSGVPSRFSGSRSGTDFTLTISSLQPEDFATYYCQQHYTTPPTFGQGTKVEIK,1322.98,2.880045220683786,2.2380132671333364,2.559029243908561
2,EVQLVESGGGLVQPGGSLRLSCAASGFNIKDTWIHWVRQAPGKGLEWVARIDPANGYTRYADSVKGRFTISADTSKNTAYLQMNSLRAEDTAVYYCARVGGRGYYYYDYWGQGTLVTVSS,DIQMTQSPSSLSASVGDRVTITCRASQDVNTAVAWYQQKPGKAPKLLIYSASFLYSGVPSRFSGSRSGTDFTLTISSLQPEDFATYYCQQHYTTPPTFGQGTKVEIK,394.14,2.8102196687406487,2.278614023093364,2.5444168459170062
3,EVQLVESGGGLVQPGGSLRLSCAASGFNIKDYYIHWVRQAPGKGLEWVARIYPSRGYTRYADSVKGRFTISADTSKNTAYLQMNSLRAEDTAVYYCARHGSEGRYTMDVWGQGTLVTVSS,DIQMTQSPSSLSASVGDRVTITCRASQDVNTAVAWYQQKPGKAPKLLIYSASFLYSGVPSRFSGSRSGTDFTLTISSLQPEDFATYYCQQHYTTPPTFGQGTKVEIK,192.08,2.9827593234309364,2.2495807360228963,2.6161700297269164
4,EVQLVESGGGLVQPGGSLRLSCAASGFNFKDTYIHWVRQAPGKGLEWVARIYPANGYTRYADSVKGRFTISADTSKNTAYLQMNSLRAEDTAVYYCASDGGSYSYAFDYWGQGTLVTVSS,DIQMTQSPSSLSASVGDRVTITCRASQDVNTAVAWYQQKPGKAPKLLIYSASFLYSGVPSRFSGSRSGTDFTLTISSLQPEDFATYYCQQHYTTPPTFGQGTKVEIK,642.24,2.729542836210973,2.253583325193938,2.4915630807024556
5,EVQLVESGGGLVQPGGSLRLSCAASGFNIKDTYIHWVRQAPGKGLEWVARIYPEDGSTRYADSVKGRFTISADTSKNTAYLQMNSLRAEDTAVYYCARSGGSSTYAYDYWGQGTLVTVSS,DIQMTQSPSSLSASVGDRVTITCRASQDVNTAVAWYQQKPGKAPKLLIYSASFLYSGVPSRFSGSRSGTDFTLTISSLQPEDFATYYCQQHYTTPPTFGQGTKVEIK,669.18,2.6617355788909745,2.26096233571686,2.461348957303917
6,EVQLVESGGGLVQPGGSLRLSCAASGFNIKDTYIHWVRQAPGKGLEWVARIYPTNGYTRYADSVKGRFTISADTSKNTAYLQMNSLRAEDTAVYYCARYGGDYYYYYDYWGQGTLVTVSS,DIQMTQSPSSLSASVGDRVTITCRASQDVNTAVAWYQQKPGKAPKLLIYSASFLYSGVPSRFSGSRSGTDFTLTISSLQPEDFATYYCQQHYTTPPTFGQGTKVEIK,56.99,2.718998469343346,2.27064092082167,2.4948196950825077
7,EVQLVESGGGLVQPGGSLRLSCAASGFNIKDTYIHWVRQAPGKGLEWVARIYPTNGYTRYADSVKGRFTISADTSKNTAYLQMNSLRAEDTAVYYCARYYGSSSYYFAYWGQGTLVTVSS,DIQMTQSPSSLSASVGDRVTITCRASQDVNTAVAWYQQKPGKAPKLLIYSASFLYSGVPSRFSGSRSGTDFTLTISSLQPEDFATYYCQQHYTTPPTFGQGTKVEIK,60.62,2.6577341685759515,2.2621298752220467,2.4599320218989993
8,EVQLVESGGGLVQPGGSLRLSCAASGFNIKDTYIHWVRQAPGKGLEWVARIYPTNGYTRYADSVKGRFTISADTSKNTAYLQMNSLRAEDTAVYYCARYSGSSYYYYDYWGQGTLVTVSS,DIQMTQSPSSLSASVGDRVTITCRASQDVNTAVAWYQQKPGKAPKLLIYSASFLYSGVPSRFSGSRSGTDFTLTISSLQPEDFATYYCQQHYTTPPTFGQGTKVEIK,422.65,2.7659699894755985,2.264102186194842,2.5150360878352203
9,EVQLVESGGGLVQPGGSLRLSCAASGFNIKDTYIHWVRQAPGKGLEWVARIYSSDGYTRYADSVKGRFTISADTSKNTAYLQMNSLRAEDTAVYYCARSGGSSYYYYDYWGQGTLVTVSS,DIQMTQSPSSLSASVGDRVTITCRASQDVNTAVAWYQQKPGKAPKLLIYSASFLYSGVPSRFSGSRSGTDFTLTISSLQPEDFATYYCQQHYTTPPTFGQGTKVEIK,809.63,2.6267332915621755,2.260445817192883,2.443589554377529
10,EVQLVESGGGLVQPGGSLRLSCAASGFNIKDTYIHWVRQAPGKGLEWVARIDPANGYTRYADSVKGRFTISADTSKNTAYLQMNSLRAEDTAVYYCARVGGRGYYYYDYWGQGTLVTVSS,DIQMTQSPSSLSASVGDRVTITCRASQDVNTAVAWYQQKPGKAPKLLIYSASFLYSGVPSRFSGSRSGTDFTLTISSLQPEDFATYYCQQHYTTPPTFGQGTKVEIK,133.97,2.745081675346683,2.2767236439187997,2.510902659632741
11,EVQLVESGGGLVQPGGSLRLSCAASGFNIKDTYIHWVRQAPGKGLEWVARIDPENGYTRYADSVKGRFTISADTSKNTAYLQMNSLRAEDTAVYYCARVGGYGYYYYDYWGQGTLVTVSS,DIQMTQSPSSLSASVGDRVTITCRASQDVNTAVAWYQQKPGKAPKLLIYSASFLYSGVPSRFSGSRSGTDFTLTISSLQPEDFATYYCQQHYTTPPTFGQGTKVEIK,277.34,2.8032522817311776,2.287500980529909,2.5453766311305435
12,EVQLVESGGGLVQPGGSLRLSCAASGFNIKDTYIHWVRQAPGKGLEWVARIYPSSGYTRYADSVKGRFTISADTSKNTAYLQMNSLRAEDTAVYYCASSGGRYYYYYDYWGQGTLVTVSS,DIQMTQSPSSLSASVGDRVTITCRASQDVNTAVAWYQQKPGKAPKLLIYSASFLYSGVPSRFSGSRSGTDFTLTISSLQPEDFATYYCQQHYTTPPTFGQGTKVEIK,590.53,2.795160630959785,2.258371333232542,2.5267659820961637
13,EVQLVESGGGLVQPGGSLRLSCAASGFNIKDTYIHWVRQAPGKGLEWVARIYPANGYTRYADSVKGRFTISADTSKNTAYLQMNSLRAEDTAVYYCASSGGGYSYYYTYWGQGTLVTVSS,DIQMTQSPSSLSASVGDRVTITCRASQDVNTAVAWYQQKPGKAPKLLIYSASFLYSGVPSRFSGSRSGTDFTLTISSLQPEDFATYYCQQHYTTPPTFGQGTKVEIK,475.78,2.822500460647681,2.2765856909265985,2.54954307578714
14,EVQLVESGGGLVQPGGSLRLSCAASGFNIKDTYIHWVRQAPGKGLEWVARIYPANGYTRYADSVKGRFTISADTSKNTAYLQMNSLRAEDTAVYYCAREGGVGYYSFAYWGQGTLVTVSS,DIQMTQSPSSLSASVGDRVTITCRASQDVNTAVAWYQQKPGKAPKLLIYSASFLYSGVPSRFSGSRSGTDFTLTISSLQPEDFATYYCQQHYTTPPTFGQGTKVEIK,213.14,2.8139502173784976,2.2694006614928046,2.541675439435651
15,EVQLVESGGGLVQPGGSLRLSCAASGFNIKDTYIHWVRQAPGKGLEWVARIYPSNGYTRYADSVKGRFTISADTSKNTAYLQMNSLRAEDTAVYYCARSSGYYSYSYDYWGQGTLVTVSS,DIQMTQSPSSLSASVGDRVTITCRASQDVNTAVAWYQQKPGKAPKLLIYSASFLYSGVPSRFSGSRSGTDFTLTISSLQPEDFATYYCQQHYTTPPTFGQGTKVEIK,230.09,2.741144294368298,2.2634767424821995,2.502310518425249
16,EVQLVESGGGLVQPGGSLRLSCAASGFNIKDTYIHWVRQAPGKGLEWVARIYPSNGYTRYADSVKGRFTISADTSKNTAYLQMNSLRAEDTAVYYCARYYGGSMYYYGYWGQGTLVTVSS,DIQMTQSPSSLSASVGDRVTITCRASQDVNTAVAWYQQKPGKAPKLLIYSASFLYSGVPSRFSGSRSGTDFTLTISSLQPEDFATYYCQQHYTTPPTFGQGTKVEIK,109.22,2.7443645184357517,2.2519979484476407,2.498181233441696
17,EVQLVESGGGLVQPGGSLRLSCAASGFNIKDTYIHWVRQAPGKGLEWVARIYPSNGYTRYADSVKGRFTISADTSKNTAYLQMNSLRAEDTAVYYCARYRGSSSYYFDYWGQGTLVTVSS,DIQMTQSPSSLSASVGDRVTITCRASQDVNTAVAWYQQKPGKAPKLLIYSASFLYSGVPSRFSGSRSGTDFTLTISSLQPEDFATYYCQQHYTTPPTFGQGTKVEIK,906.53,2.7649936604796443,2.2786524162221737,2.521823038350909
18,EVQLVESGGGLVQPGGSLRLSCAASGFNIKDTYIHWVRQAPGKGLEWVARIYPSNGYTRYADSVKGRFTISADTSKNTAYLQMNSLRAEDTAVYYCARSGYYYSYSFDYWGQGTLVTVSS,DIQMTQSPSSLSASVGDRVTITCRASQDVNTAVAWYQQKPGKAPKLLIYSASFLYSGVPSRFSGSRSGTDFTLTISSLQPEDFATYYCQQHYTTPPTFGQGTKVEIK,347.56,2.8079626804829347,2.2598514603013666,2.533907070392151
19,EVQLVESGGGLVQPGGSLRLSCAASGFNIKDTYIHWVRQAPGKGLEWVARIYPANGYTRYADSVKGRFTISADTSKNTAYLQMNSLRAEDTAVYYCASSGGSSSYYYNYWGQGTLVTVSS,DIQMTQSPSSLSASVGDRVTITCRASQDVNTAVAWYQQKPGKAPKLLIYSASFLYSGVPSRFSGSRSGTDFTLTISSLQPEDFATYYCQQHYTTPPTFGQGTKVEIK,553.82,2.710724814825388,2.2814229011334466,2.4960738579794173
20,EVQLVESGGGLVQPGGSLRLSCAASGFNIKDTYIHWVRQAPGKGLEWVARIYPSNGYTRYADSVKGRFTISADTSKNTAYLQMNSLRAEDTAVYYCARYGGSYAYYFYYWGQGTLVTVSS,DIQMTQSPSSLSASVGDRVTITCRASQDVNTAVAWYQQKPGKAPKLLIYSASFLYSGVPSRFSGSRSGTDFTLTISSLQPEDFATYYCQQHYTTPPTFGQGTKVEIK,18.6,2.906638682790593,2.258987458162488,2.5828130704765404
21,EVQLVESGGGLVQPGGSLRLSCAASGFNIKDTYIHWVRQAPGKGLEWVARIYPTNGYTRYADSVKGRFTISADTSKNTAYLQMNSLRAEDTAVYYCARSGGSSYYYYDYWGQGTLVTVSS,DIQMTQSPSSLSASVGDRVTITCRASQDVNTAVAWYQQKPGKAPKLLIYSASFLYSGVPSRFSGSRSGTDFTLTISSLQPEDFATYYCQQHYTTPPTFGQGTKVEIK,1067.07,2.7515079871685573,2.268413446170748,2.509960716669653
22,EVQLVESGGGLVQPGGSLRLSCAASGFNIKDTYIHWVRQAPGKGLEWVARIDPADGYTRYADSVKGRFTISADTSKNTAYLQMNSLRAEDTAVYYCAREGGYGYYAMDYWGQGTLVTVSS,DIQMTQSPSSLSASVGDRVTITCRASQDVNTAVAWYQQKPGKAPKLLIYSASFLYSGVPSRFSGSRSGTDFTLTISSLQPEDFATYYCQQHYTTPPTFGQGTKVEIK,160.15,2.9991341573204697,2.283075935810103,2.6411050465652863
23,EVQLVESGGGLVQPGGSLRLSCAASGFNIKDTYIHWVRQAPGKGLEWVARIYPTNGYTRYADSVKGRFTISADTSKNTAYLQMNSLRAEDTAVYYCSRWGGDGFYAMDYWGQGTLVTVSS,DIQMTQSPSSLSASVGDRVTITCRASQDVNTAVAWYQQKPGKAPKLLIYSASFLYSGVPSRFSGSRSGTDFTLTISSLQPEDFATYYCQQHYTTPPTFGQGTKVEIK,1.94,2.8559698700726703,2.2597642418377926,2.5578670559552315
